MSE,RMSE,MAE,R2,平均相对误差%
214.0807177453012,14.631497453962162,5.6708891196107425,0.9938210228185016,inf
